Workbook

Sheet lookup_OPUS_split_strategy2
A1: direction_key | B1: winner_model | C1: winner_avg_score | D1: num_sentences | E1: rate_per_hour | F1: est_hours
A2: abk_Cyrl-abk_Cyrl | B2: qwen3-4b-instruct-2507 | C2: unknown | D2: 14650 | E2: 20 | F2: 0.7
A3: abk_Cyrl-bos_Latn | B3: qwen3-4b-instruct-2507 | C3: unknown | D3: 23494 | E3: 20 | F3: 1.2
A4: abk_Cyrl-ces_Latn | B4: metricx24 | C4: unknown | D4: 71481 | E4: 300 | F4: 0.2
A5: abk_Cyrl-dan_Latn | B5: metricx24 | C5: unknown | D5: 53175 | E5: 300 | F5: 0.2
A6: abk_Cyrl-deu_Latn | B6: metricx24 | C6: unknown | D6: 77231 | E6: 300 | F6: 0.3
A7: abk_Cyrl-ell_Grek | B7: metricx24 | C7: unknown | D7: 80380 | E7: 300 | F7: 0.3
A8: abk_Cyrl-eng_Latn | B8: metricx24 | C8: unknown | D8: 99246 | E8: 300 | F8: 0.3
A9: abk_Cyrl-est_Latn | B9: metricx24 | C9: unknown | D9: 23506 | E9: 300 | F9: 0.1
A10: abk_Cyrl-eus_Latn | B10: metricx24 | C10: unknown | D10: 14371 | E10: 300 | F10: 0
A11: abk_Cyrl-fas_Arab | B11: qwen3-4b-instruct-2507 | C11: unknown | D11: 61087 | E11: 20 | F11: 3.1
A12: abk_Cyrl-fin_Latn | B12: metricx24 | C12: unknown | D12: 62027 | E12: 300 | F12: 0.2
A13: abk_Cyrl-fra_Latn | B13: metricx24 | C13: unknown | D13: 79663 | E13: 300 | F13: 0.3
... A36: ace_Latn-ace_Latn | B36: qwen3-4b-instruct-2507 | C36: unknown | D36: 21633 | E36: 20 | F36: 1.1
A37: ace_Latn-ceb_Latn | B37: m-prometheus-7b | C37: 0.78542061 | D37: 118211 | E37: 15 | F37: 7.9
A38: ace_Latn-eng_Latn | B38: metricx24 | C38: 0.778317 | D38: 2133701 | E38: 300 | F38: 7.1
A39: ace_Latn-jav_Latn | B39: m-prometheus-7b | C39: 0.82561971 | D39: 108321 | E39: 15 | F39: 7.2
A40: ace_Latn-por_Latn | B40: qwen3-4b-instruct-2507 | C40: 0.841573 | D40: 70908 | E40: 20 | F40: 3.5
A41: ace_Latn-rus_Cyrl | B41: shaomutan_remedy-9b-22 | C41: 0.87937384 | D41: 63197 | E41: 33 | F41: 1.9
A42: ace_Latn-war_Latn | B42: qwen3-4b-instruct-2507 | C42: 0.774599 | D42: 101125 | E42: 20 | F42: 5.1
A43: acm_Arab-bul_Cyrl | B43: qwen3-4b-instruct-2507 | C43: 0.952583 | D43: 115374 | E43: 20 | F43: 5.8
A44: acm_Arab-ces_Latn | B44: qwen3-4b-instruct-2507 | C44: 0.946605 | D44: 130398 | E44: 20 | F44: 6.5
A45: acm_Arab-dan_Latn | B45: qwen3-4b-instruct-2507 | C45: 0.932195 | D45: 103600 | E45: 20 | F45: 5.2
A46: acm_Arab-deu_Latn | B46: qwen3-4b-instruct-2507 | C46: 0.942842 | D46: 135894 | E46: 20 | F46: 6.8
A47: acm_Arab-ell_Grek | B47: qwen3-4b-instruct-2507 | C47: 0.939094 | D47: 142979 | E47: 20 | F47: 7.1
A48: acm_Arab-eng_Latn | B48: qwen3-4b-instruct-2507 | C48: 0.965844 | D48: 264891 | E48: 20 | F48: 13.2
A49: acm_Arab-fas_Arab | B49: metricx24 | C49: unknown | D49: 121267 | E49: 300 | F49: 0.4
A50: acm_Arab-fin_Latn | B50: shaomutan_remedy-9b-22 | C50: 0.91994582 | D50: 127222 | E50: 33 | F50: 3.9
A51: acm_Arab-fra_Latn | B51: qwen3-4b-instruct-2507 | C51: 0.946023 | D51: 171994 | E51: 20 | F51: 8.6
A52: acm_Arab-heb_Hebr | B52: qwen3-4b-instruct-2507 | C52: 0.936939 | D52: 125353 | E52: 20 | F52: 6.3
A53: acm_Arab-hrv_Latn | B53: qwen3-4b-instruct-2507 | C53: 0.934136 | D53: 97784 | E53: 20 | F53: 4.9
A54: acm_Arab-hun_Latn | B54: qwen3-4b-instruct-2507 | C54: 0.937536 | D54: 134447 | E54: 20 | F54: 6.7
A55: acm_Arab-ind_Latn | B55: shaomutan_remedy-9b-22 | C55: 0.92530282 | D55: 130829 | E55: 33 | F55: 4
A56: acm_Arab-ita_Latn | B56: qwen3-4b-instruct-2507 | C56: 0.954395 | D56: 143414 | E56: 20 | F56: 7.2
A57: acm_Arab-nld_Latn | B57: shaomutan_remedy-9b-22 | C57: 0.93316714 | D57: 152150 | E57: 33 | F57: 4.6
A58: acm_Arab-pol_Latn | B58: qwen3-4b-instruct-2507 | C58: 0.933136 | D58: 154675 | E58: 20 | F58: 7.7
A59: acm_Arab-por_Latn | B59: qwen3-4b-instruct-2507 | C59: 0.93676 | D59: 180233 | E59: 20 | F59: 9
A60: acm_Arab-ron_Latn | B60: qwen3-4b-instruct-2507 | C60: 0.946705 | D60: 166235 | E60: 20 | F60: 8.3
A61: acm_Arab-rus_Cyrl | B61: qwen3-4b-instruct-2507 | C61: 0.941528 | D61: 123049 | E61: 20 | F61: 6.2
... A63: acm_Arab-spa_Latn | B63: shaomutan_remedy-9b-22 | C63: 0.94033973 | D63: 196725 | E63: 33 | F63: 6
A64: acm_Arab-srp_Latn | B64: metricx24 | C64: unknown | D64: 121185 | E64: 300 | F64: 0.4
A65: acm_Arab-swe_Latn | B65: shaomutan_remedy-9b-22 | C65: 0.93035911 | D65: 111658 | E65: 33 | F65: 3.4
A66: acm_Arab-tur_Latn | B66: qwen3-4b-instruct-2507 | C66: 0.93659 | D66: 156167 | E66: 20 | F66: 7.8
A67: acm_Arab-vie_Latn | B67: shaomutan_remedy-9b-22 | C67: 0.93518116 | D67: 82769 | E67: 33 | F67: 2.5
A68: aeb_Arab-bos_Latn | B68: shaomutan_remedy-9b-22 | C68: 0.9224548 | D68: 56694 | E68: 33 | F68: 1.7
A69: aeb_Arab-bul_Cyrl | B69: qwen3-4b-instruct-2507 | C69: 0.932708 | D69: 210376 | E69: 20 | F69: 10.5
A70: aeb_Arab-ces_Latn | B70: qwen3-4b-instruct-2507 | C70: 0.919746 | D70: 237867 | E70: 20 | F70: 11.9
A71: aeb_Arab-cmn_Hani | B71: metricx24 | C71: unknown | D71: 82935 | E71: 300 | F71: 0.3
A72: aeb_Arab-dan_Latn | B72: shaomutan_remedy-9b-22 | C72: 0.94189937 | D72: 191128 | E72: 33 | F72: 5.8
A73: aeb_Arab-deu_Latn | B73: shaomutan_remedy-9b-22 | C73: 0.93924201 | D73: 273814 | E73: 33 | F73: 8.3
A74: aeb_Arab-ekk_Latn | B74: metricx24 | C74: unknown | D74: 72883 | E74: 300 | F74: 0.2
A75: aeb_Arab-ell_Grek | B75: shaomutan_remedy-9b-22 | C75: 0.94413109 | D75: 259746 | E75: 33 | F75: 7.9
A76: aeb_Arab-eng_Latn | B76: qwen3-4b-instruct-2507 | C76: 0.947715 | D76: 714584 | E76: 20 | F76: 35.7
A77: aeb_Arab-fas_Arab | B77: metricx24 | C77: unknown | D77: 233541 | E77: 300 | F77: 0.8
A78: aeb_Arab-fin_Latn | B78: shaomutan_remedy-9b-22 | C78: 0.93303738 | D78: 231050 | E78: 33 | F78: 7
A79: aeb_Arab-fra_Latn | B79: qwen3-4b-instruct-2507 | C79: 0.931518 | D79: 341825 | E79: 20 | F79: 17.1
A80: aeb_Arab-heb_Hebr | B80: shaomutan_remedy-9b-22 | C80: 0.93660451 | D80: 226271 | E80: 33 | F80: 6.9
A81: aeb_Arab-hrv_Latn | B81: shaomutan_remedy-9b-22 | C81: 0.91870793 | D81: 188833 | E81: 33 | F81: 5.7
A82: aeb_Arab-hun_Latn | B82: shaomutan_remedy-9b-22 | C82: 0.93428717 | D82: 245388 | E82: 33 | F82: 7.4
A83: aeb_Arab-ind_Latn | B83: shaomutan_remedy-9b-22 | C83: 0.92813576 | D83: 267637 | E83: 33 | F83: 8.1
A84: aeb_Arab-ita_Latn | B84: shaomutan_remedy-9b-22 | C84: 0.94357202 | D84: 273928 | E84: 33 | F84: 8.3
A85: aeb_Arab-kor_Hang | B85: shaomutan_remedy-9b-22 | C85: 0.93658383 | D85: 123990 | E85: 33 | F85: 3.8
A86: aeb_Arab-nld_Latn | B86: shaomutan_remedy-9b-22 | C86: 0.93312204 | D86: 282710 | E86: 33 | F86: 8.6
A87: aeb_Arab-nob_Latn | B87: shaomutan_remedy-9b-22 | C87: 0.9384372 | D87: 105147 | E87: 33 | F87: 3.2
A88: aeb_Arab-pol_Latn | B88: shaomutan_remedy-9b-22 | C88: 0.93949523 | D88: 289873 | E88: 33 | F88: 8.8
A89: aeb_Arab-por_Latn | B89: shaomutan_remedy-9b-22 | C89: 0.92079666 | D89: 353563 | E89: 33 | F89: 10.7
... A94: aeb_Arab-spa_Latn | B94: shaomutan_remedy-9b-22 | C94: 0.92348796 | D94: 404160 | E94: 33 | F94: 12.2
A95: aeb_Arab-srp_Latn | B95: metricx24 | C95: unknown | D95: 206395 | E95: 300 | F95: 0.7
A96: aeb_Arab-swe_Latn | B96: shaomutan_remedy-9b-22 | C96: 0.93075044 | D96: 212280 | E96: 33 | F96: 6.4
A97: aeb_Arab-tha_Thai | B97: shaomutan_remedy-9b-22 | C97: 0.93602816 | D97: 105118 | E97: 33 | F97: 3.2
A98: aeb_Arab-tur_Latn | B98: shaomutan_remedy-9b-22 | C98: 0.94190701 | D98: 293796 | E98: 33 | F98: 8.9
A99: aeb_Arab-vie_Latn | B99: shaomutan_remedy-9b-22 | C99: 0.92117137 | D99: 169236 | E99: 33 | F99: 5.1
A100: afr_Latn-afr_Latn | B100: metricx24 | C100: unknown | D100: 82160 | E100: 300 | F100: 0.3
A101: afr_Latn-als_Latn | B101: qwen3-4b-instruct-2507 | C101: 0.911991 | D101: 849390 | E101: 20 | F101: 42.5
A102: afr_Latn-amh_Ethi | B102: shaomutan_remedy-9b-22 | C102: 0.89854081 | D102: 2092226 | E102: 33 | F102: 63.4
A103: afr_Latn-ara_Arab | B103: metricx24 | C103: unknown | D103: 1344325 | E103: 300 | F103: 4.5
A104: afr_Latn-arb_Arab | B104: metricx24 | C104: 0.846925 | D104: 1082364 | E104: 300 | F104: 3.6
A105: afr_Latn-arz_Arab | B105: qwen3-4b-instruct-2507 | C105: 0.901643 | D105: 201896 | E105: 20 | F105: 10.1
A106: afr_Latn-asm_Beng | B106: qwen3-4b-instruct-2507 | C106: 0.903235 | D106: 58418 | E106: 20 | F106: 2.9
A107: afr_Latn-ast_Latn | B107: qwen3-4b-instruct-2507 | C107: 0.878691 | D107: 112797 | E107: 20 | F107: 5.6
A108: afr_Latn-aze_Latn | B108: metricx24 | C108: unknown | D108: 119805 | E108: 300 | F108: 0.4
A109: afr_Latn-azj_Latn | B109: qwen3-4b-instruct-2507 | C109: 0.855436 | D109: 528158 | E109: 20 | F109: 26.4
A110: afr_Latn-bam_Latn | B110: shaomutan_remedy-9b-22 | C110: 0.47823972 | D110: 104632 | E110: 33 | F110: 3.2
A111: afr_Latn-bel_Cyrl | B111: shaomutan_remedy-9b-22 | C111: 0.9380272 | D111: 982267 | E111: 33 | F111: 29.8
A112: afr_Latn-bem_Latn | B112: metricx24 | C112: 0.57648482 | D112: 229684 | E112: 300 | F112: 0.8
A113: afr_Latn-ben_Beng | B113: qwen3-4b-instruct-2507 | C113: 0.934808 | D113: 739652 | E113: 20 | F113: 37
A114: afr_Latn-bos_Latn | B114: qwen3-4b-instruct-2507 | C114: 0.936625 | D114: 157407 | E114: 20 | F114: 7.9
A115: afr_Latn-bre_Latn | B115: metricx24 | C115: unknown | D115: 72149 | E115: 300 | F115: 0.2
A116: afr_Latn-bul_Cyrl | B116: metricx24 | C116: 0.867886 | D116: 2053074 | E116: 300 | F116: 6.8
A117: afr_Latn-cat_Latn | B117: metricx24 | C117: 0.845824 | D117: 1380490 | E117: 300 | F117: 4.6
A118: afr_Latn-ceb_Latn | B118: qwen3-4b-instruct-2507 | C118: 0.918342 | D118: 68829 | E118: 20 | F118: 3.4
A119: afr_Latn-ces_Latn | B119: metricx24 | C119: 0.824625 | D119: 1316008 | E119: 300 | F119: 4.4
A120: afr_Latn-cmn_Hani | B120: metricx24 | C120: unknown | D120: 360995 | E120: 300 | F120: 1.2
A121: afr_Latn-cym_Latn | B121: shaomutan_remedy-9b-22 | C121: 0.90657692 | D121: 639172 | E121: 33 | F121: 19.4
A122: afr_Latn-dan_Latn | B122: metricx24 | C122: 0.882208 | D122: 2426822 | E122: 300 | F122: 8.1
A123: afr_Latn-deu_Latn | B123: metricx24 | C123: 0.93996 | D123: 6775117 | E123: 300 | F123: 22.6
A124: afr_Latn-dyu_Latn | B124: metricx24 | C124: 0.27025601 | D124: 101110 | E124: 300 | F124: 0.3
A125: afr_Latn-ekk_Latn | B125: metricx24 | C125: unknown | D125: 1003925 | E125: 300 | F125: 3.3
A126: afr_Latn-ell_Grek | B126: metricx24 | C126: 0.869678 | D126: 1102985 | E126: 300 | F126: 3.7
A127: afr_Latn-eng_Latn | B127: metricx24 | C127: 0.862843 | D127: 50911992 | E127: 300 | F127: 169.7
...

Sheet new_analysis
A1: model | B1: sentence rate | C1: sentences_per_sec | D1: sentences_per_hour
A2: xcomet-xl | B2: 30000/270 sec | C2: =30000/270 -> 111.11111 | D2: =C2*3600 -> 400000
A3: wmt23-cometkiwi-da-xl | B3: 30000/600 sec | C3: =30000/600 -> 50 | D3: =C3*3600 -> 180000
A4: shaomutan_remedy-9b-22 | B4: 16500/290 sec | C4: =16500/290 -> 56.896552 | D4: =C4*3600 -> 204827.59
A5: qwen3-4b-instruct-2507 | B5: 10000/1250 sec | C5: =10000/1250 -> 8 | D5: =C5*3600 -> 28800
A6: metricx24 | B6: 50000/150 sec | C6: =50000/150 -> 333.33333 | D6: =C6*3600 -> 1200000
A7: m-prometheus-7b | B7: 7500/1000 sec | C7: =7500/1000 -> 7.5 | D7: =C7*3600 -> 27000
A8: bicleaner-ai | B8: 125000/ 200 sec | C8: =125000/200 -> 625 | D8: =C8*3600 -> 2250000

Sheet analysis
A1: model_name | B1: number_of_directions | C1: est_hours | E1: model_name | F1: number_of_directions | G1: est_hours_new | H1: sentences_per_hour
A2: bicleaner-ai | B2: =COUNTIF(lookup_OPUS_split_strategy2!$B:$B,A2) -> 26 | C2: =SUMIF(lookup_OPUS_split_strategy2!$B:$B,A2,lookup_OPUS_split_strategy2!$F:$F) -> 512.9 | E2: bicleaner-ai | F2: =COUNTIF(lookup_OPUS_split_strategy2!$B:$B,E2) -> 26 | G2: =IF(H2="","",SUMIF(lookup_OPUS_split_strategy2!$B:$B,E2,lookup_OPUS_split_strategy2!$D:$D)/H2) -> 57.018716 | H2: =IFERROR(VLOOKUP(E2,new_analysis!$A:$D,4,FALSE),"") -> 2250000
A3: m-prometheus-7b | B3: =COUNTIF(lookup_OPUS_split_strategy2!$B:$B,A3) -> 84 | C3: =SUMIF(lookup_OPUS_split_strategy2!$B:$B,A3,lookup_OPUS_split_strategy2!$F:$F) -> 12152.4 | E3: m-prometheus-7b | F3: =COUNTIF(lookup_OPUS_split_strategy2!$B:$B,E3) -> 84 | G3: =IF(H3="","",SUMIF(lookup_OPUS_split_strategy2!$B:$B,E3,lookup_OPUS_split_strategy2!$D:$D)/H3) -> 6751.344 | H3: =IFERROR(VLOOKUP(E3,new_analysis!$A:$D,4,FALSE),"") -> 27000
A4: metricx24 | B4: =COUNTIF(lookup_OPUS_split_strategy2!$B:$B,A4) -> 4453 | C4: =SUMIF(lookup_OPUS_split_strategy2!$B:$B,A4,lookup_OPUS_split_strategy2!$F:$F) -> 140152.5 | E4: metricx24 | F4: =COUNTIF(lookup_OPUS_split_strategy2!$B:$B,E4) -> 4453 | G4: =IF(H4="","",SUMIF(lookup_OPUS_split_strategy2!$B:$B,E4,lookup_OPUS_split_strategy2!$D:$D)/H4) -> 35038.808 | H4: =IFERROR(VLOOKUP(E4,new_analysis!$A:$D,4,FALSE),"") -> 1200000
A5: qwen3-14b | B5: =COUNTIF(lookup_OPUS_split_strategy2!$B:$B,A5) -> 0 | C5: =SUMIF(lookup_OPUS_split_strategy2!$B:$B,A5,lookup_OPUS_split_strategy2!$F:$F) -> 0 | E5: qwen3-14b | F5: =COUNTIF(lookup_OPUS_split_strategy2!$B:$B,E5) -> 0 | G5: 0 | H5: 0
A6: qwen3-4b-instruct-2507 | B6: =COUNTIF(lookup_OPUS_split_strategy2!$B:$B,A6) -> 2180 | C6: =SUMIF(lookup_OPUS_split_strategy2!$B:$B,A6,lookup_OPUS_split_strategy2!$F:$F) -> 48030.7 | E6: qwen3-4b-instruct-2507 | F6: =COUNTIF(lookup_OPUS_split_strategy2!$B:$B,E6) -> 2180 | G6: =IF(H6="","",SUMIF(lookup_OPUS_split_strategy2!$B:$B,E6,lookup_OPUS_split_strategy2!$D:$D)/H6) -> 33355.057 | H6: =IFERROR(VLOOKUP(E6,new_analysis!$A:$D,4,FALSE),"") -> 28800
A7: qwen3-8b | B7: =COUNTIF(lookup_OPUS_split_strategy2!$B:$B,A7) -> 0 | C7: =SUMIF(lookup_OPUS_split_strategy2!$B:$B,A7,lookup_OPUS_split_strategy2!$F:$F) -> 0 | E7: qwen3-8b | F7: =COUNTIF(lookup_OPUS_split_strategy2!$B:$B,E7) -> 0 | G7: 0 | H7: 0
A8: shaomutan_remedy-9b-22 | B8: =COUNTIF(lookup_OPUS_split_strategy2!$B:$B,A8) -> 3102 | C8: =SUMIF(lookup_OPUS_split_strategy2!$B:$B,A8,lookup_OPUS_split_strategy2!$F:$F) -> 100581.4 | E8: shaomutan_remedy-9b-22 | F8: =COUNTIF(lookup_OPUS_split_strategy2!$B:$B,E8) -> 3102 | G8: =IF(H8="","",SUMIF(lookup_OPUS_split_strategy2!$B:$B,E8,lookup_OPUS_split_strategy2!$D:$D)/H8) -> 16204.807 | H8: =IFERROR(VLOOKUP(E8,new_analysis!$A:$D,4,FALSE),"") -> 204827.59
A9: wmt23-cometkiwi-da-xl | B9: =COUNTIF(lookup_OPUS_split_strategy2!$B:$B,A9) -> 1 | C9: =SUMIF(lookup_OPUS_split_strategy2!$B:$B,A9,lookup_OPUS_split_strategy2!$F:$F) -> 1.6 | E9: wmt23-cometkiwi-da-xl | F9: =COUNTIF(lookup_OPUS_split_strategy2!$B:$B,E9) -> 1 | G9: =IF(H9="","",SUMIF(lookup_OPUS_split_strategy2!$B:$B,E9,lookup_OPUS_split_strategy2!$D:$D)/H9) -> 0.54234444 | H9: =IFERROR(VLOOKUP(E9,new_analysis!$A:$D,4,FALSE),"") -> 180000
A10: xcomet-xl | B10: =COUNTIF(lookup_OPUS_split_strategy2!$B:$B,A10) -> 4 | C10: =SUMIF(lookup_OPUS_split_strategy2!$B:$B,A10,lookup_OPUS_split_strategy2!$F:$F) -> 2137.8 | E10: xcomet-xl | F10: =COUNTIF(lookup_OPUS_split_strategy2!$B:$B,E10) -> 4 | G10: =IF(H10="","",SUMIF(lookup_OPUS_split_strategy2!$B:$B,E10,lookup_OPUS_split_strategy2!$D:$D)/H10) -> 320.67263 | H10: =IFERROR(VLOOKUP(E10,new_analysis!$A:$D,4,FALSE),"") -> 400000
A11: Total | B11: =SUM(B2:B10) -> 9850 | C11: =SUM(C2:C10) -> 303569.3 | E11: Total | F11: =SUM(F2:F10) -> 9850 | G11: =SUM(G2:G10) -> 91728.25
